<?xml version="1.0" encoding="UTF-8"?>
<project-private xmlns="http://www.netbeans.org/ns/project-private/1">
    <editor-bookmarks xmlns="http://www.netbeans.org/ns/editor-bookmarks/2" lastBookmarkId="0"/>
    <open-files xmlns="http://www.netbeans.org/ns/projectui-open-files/2">
        <group>
            <file>file:/D:/BCA_SEM-5/SEM-5_Project/Application/Java-Chat-Application/JAVA_CHAT/Java_chatApplication/src/com/girish/component/Chat_File.java</file>
            <file>file:/D:/BCA_SEM-5/SEM-5_Project/Application/Java-Chat-Application/JAVA_CHAT/Java_chatApplication/src/com/girish/form/Loading.java</file>
            <file>file:/D:/BCA_SEM-5/SEM-5_Project/Application/Java-Chat-Application/JAVA_CHAT/Java_chatApplication/src/com/girish/form/Home.java</file>
            <file>file:/D:/BCA_SEM-5/SEM-5_Project/Application/Java-Chat-Application/JAVA_CHAT/Java_chatApplication/src/com/girish/service/Service.java</file>
            <file>file:/D:/BCA_SEM-5/SEM-5_Project/Application/Java-Chat-Application/JAVA_CHAT/Java_chatApplication/src/com/girish/modal/Model_User_Account.java</file>
        </group>
    </open-files>
</project-private>
